Month,age,gender,targetset,accuracy,rt_mean,P_no,P_rt,M_no,M_rt,P1_no,P1_rt,P234_no,P234_rt,M1_no,M1_rt,M234_no,M234_rt,PV_no,PV_rt,PA_no,PA_rt,MV_no,MV_rt,MA_no,MA_rt,MAV_no,MAV_rt,PV2A_no,PV2A_rt,PA2V_no,PA2V_rt,MV2A_no,MV2A_rt,MA2V_no,MA2V_rt,PV2V_no,PV2V_rt,PA2A_no,A2A_rt,MV2V_no,MV2V_rt,MA2A_no,MA2A_rt,P_Rr_no,P_Rr_rt,P_Rs_no,P_Rs_rt,M_Rr_no,M_Rr_rt,M_Rs_no,M_Rs_rt,T1V_no,T1V_rt,T1A_no,T1A_rt,T2V_no,T2V_rt,T2A_no,T2A_rt
328,A,M,1,0.9527,0.81927,24,0.85535,47,0.80558,6,0.9175,18,0.83532,11,0.87016,36,0.78513,12,1.0355,12,0.6702,16,1.2157,17,0.63649,14,0.54017,2,0.68453,4,0.9408,2,0.40536,3,0.92147,3,1.0505,3,0.55189,2,1.004,2,0.7722,7,0.84203,11,0.82569,10,0.7437,26,0.79323,6,1.104,6,0.68476,6,0.97513,6,0.68469
358,A,F,2,0.99324,0.81339,26,0.84195,44,0.79362,6,1.0368,20,0.78458,11,0.9664,33,0.73794,13,0.81152,13,0.87636,16,0.89107,14,0.79906,14,0.68475,4,0.86108,3,0.78534,1,0.67908,1,1.6527,1,0.67738,7,0.8676,4,1.124,4,0.7076,8,0.81199,12,0.77007,7,0.71174,26,0.74613,8,0.80227,5,0.86188,5,0.82124,5,0.86153
277,a,m,1,0.98649,0.56912,26,0.5738,50,0.56459,6,0.54895,20,0.58081,12,0.51554,38,0.58221,14,0.56352,12,0.58639,20,0.54813,21,0.6269,9,0.46065,6,0.6036,5,0.54886,4,0.6769,3,0.56672,4,0.63719,1,0.6678,7,0.55096,5,0.46601,8,0.60265,12,0.56263,13,0.71077,25,0.5113,6,0.59045,7,0.63072,8,0.54119,7,0.63118
314,A,f,2,0.97297,0.91038,24,1.0976,49,0.81917,6,1.2237,18,1.0617,11,0.9824,38,0.77174,14,1.1135,10,1.0711,23,0.8142,16,0.86335,10,0.75286,2,1.1013,6,1.0066,1,0.67066,5,0.86248,5,1.3247,1,1.1252,9,0.69999,1,1.0386,8,0.97644,10,1.108,14,0.72932,24,0.79362,7,1.1526,6,1.2441,7,1.0822,6,1.2382
297,A,f,1,0.98649,0.57042,28,0.62869,53,0.53947,7,0.61211,21,0.63446,13,0.6028,40,0.51973,15,0.61378,13,0.64873,22,0.55398,22,0.55429,9,0.46672,8,0.63884,4,0.60134,1,0.63578,6,0.61057,3,0.70362,4,0.58367,3,0.44951,2,0.529,9,0.61737,12,0.64798,14,0.55068,26,0.5004,7,0.54767,6,0.67052,8,0.66641,6,0.66954
657,A,f,2,0.97297,0.76287,25,0.76935,50,0.76021,6,0.7711,19,0.76613,13,0.82408,37,0.73821,13,0.79318,12,0.74086,20,0.76483,20,0.83791,10,0.59079,3,0.81248,3,0.85451,4,1.1457,4,0.85868,1,1.1136,7,0.65429,4,0.6317,4,0.63416,7,0.71719,12,0.79829,13,0.74578,24,0.73523,8,0.78449,4,0.83575,5,0.81565,4,0.83949
